<?xml version="1.0" encoding="UTF-8"?>
<!--
    An example of a AIRMET which failed translation.  This is an example modified from ICAO Annex 3 Amd 77 Example A6-1
    where 'ISOL TS' from the original example was changed to 'INVALID TS', which is an invalid AIRMET:

    YUDD AIRMET 1 VALID 151520/151800 YUSO –
    YUDD SHANLON FIR INVALID TS
    OBS N OF S50 TOP ABV FL100 STNR WKN -->
<iwxxm:AIRMET xmlns:xlink="http://www.w3.org/1999/xlink" xmlns:gml="http://www.opengis.net/gml/3.2"
    xmlns:iwxxm="http://icao.int/iwxxm/2.1" xmlns:metce="http://def.wmo.int/metce/2013"
    xmlns:aixm="http://www.aixm.aero/schema/5.1.1"
    xmlns:om="http://www.opengis.net/om/2.0" xmlns:sams="http://www.opengis.net/samplingSpatial/2.0" xmlns:sam="http://www.opengis.net/sampling/2.0"
    xmlns:xsi="http://www.w3.org/2001/XMLSchema-instance"
    xsi:schemaLocation="http://www.aixm.aero/schema/5.1.1 http://www.aixm.aero/schema/5.1.1_profiles/AIXM_WX/5.1.1a/AIXM_Features.xsd
    http://def.wmo.int/metce/2013 http://schemas.wmo.int/metce/1.2/metce.xsd
    http://icao.int/iwxxm/2.1 http://schemas.wmo.int/iwxxm/2.1.1RC1/iwxxm.xsd"

    gml:id="airmet-YUDD-201405151520Z"
    permissibleUsage="OPERATIONAL"
    translatedBulletinID="TTAAiiCCCYYGGgg"
    translatedBulletinReceptionTime="2014-05-15T15:29:00Z"
    translationCentreDesignator="YUZZ"
    translationCentreName="Fictional translation centre"
    translationTime="2014-05-15T15:30:00Z"
    translationFailedTAC="YUDD AIRMET 1 VALID 151520/151800 YUSO –
    YUDD SHANLON FIR INVALID TS
    OBS N OF S50 TOP ABV FL100 STNR WKN"
    status="NORMAL">

    <iwxxm:issuingAirTrafficServicesUnit>
        <aixm:Unit gml:id="fic-YUDD">
            <aixm:timeSlice>
                <aixm:UnitTimeSlice gml:id="fic-YUDD-ts">
                    <gml:validTime/>
                    <aixm:interpretation>SNAPSHOT</aixm:interpretation>
                    <aixm:name>YUDD FIC</aixm:name>
                    <aixm:type>FIC</aixm:type>
                    <aixm:designator>YUDD</aixm:designator>
                </aixm:UnitTimeSlice>
            </aixm:timeSlice>
        </aixm:Unit>
    </iwxxm:issuingAirTrafficServicesUnit>
    <iwxxm:originatingMeteorologicalWatchOffice>
        <aixm:Unit gml:id="wmo-YUDD">
            <aixm:timeSlice>
                <aixm:UnitTimeSlice gml:id="wmo-YUDD-ts">
                    <gml:validTime/>
                    <aixm:interpretation>SNAPSHOT</aixm:interpretation>
                    <aixm:name>YUDD MWO</aixm:name>
                    <aixm:type>MWO</aixm:type>
                    <aixm:designator>YUDD</aixm:designator>
                </aixm:UnitTimeSlice>
            </aixm:timeSlice>
        </aixm:Unit>
    </iwxxm:originatingMeteorologicalWatchOffice>

    <iwxxm:sequenceNumber>1</iwxxm:sequenceNumber>

    <iwxxm:validPeriod>
        <gml:TimePeriod gml:id="tp1">
            <gml:beginPosition>2014-05-15T15:20:00</gml:beginPosition>
            <gml:endPosition>2014-05-15T18:00:00</gml:endPosition>
        </gml:TimePeriod>
    </iwxxm:validPeriod>

    <iwxxm:phenomenon nilReason="missing"/>

    <iwxxm:analysis nilReason="missing"/>

</iwxxm:AIRMET>
