<?xml version="1.0" encoding="UTF-8"?>
<!--
    An example of a METAR that failed translation:
    
      METAR YUDO 221630Z INVALID
-->
<iwxxm:METAR xmlns:iwxxm="http://icao.int/iwxxm/2.1" xmlns:gml="http://www.opengis.net/gml/3.2"
    xmlns:om="http://www.opengis.net/om/2.0" xmlns:sams="http://www.opengis.net/samplingSpatial/2.0"
    xmlns:metce="http://def.wmo.int/metce/2013" xmlns:sf="http://www.opengis.net/sampling/2.0"
    xmlns:xlink="http://www.w3.org/1999/xlink" xmlns:xsi="http://www.w3.org/2001/XMLSchema-instance"
    xmlns:aixm="http://www.aixm.aero/schema/5.1.1"
    xsi:schemaLocation="http://icao.int/iwxxm/2.1 http://schemas.wmo.int/iwxxm/2.1.1RC1/iwxxm.xsd
    http://def.wmo.int/metce/2013 http://schemas.wmo.int/metce/1.2/metce.xsd
    http://www.opengis.net/samplingSpatial/2.0 http://schemas.opengis.net/samplingSpatial/2.0/spatialSamplingFeature.xsd"

    gml:id="metar-YUDO-201208160000Z"
    permissibleUsage="OPERATIONAL"
    translatedBulletinID="TTAAiiCCCYYGGgg"
    translatedBulletinReceptionTime="2014-05-15T15:29:00Z"
    translationCentreDesignator="YUZZ"
    translationCentreName="Fictional translation centre"
    translationTime="2014-05-15T15:30:00Z"
    translationFailedTAC="METAR YUDO 221630Z INVALID"
    status="NORMAL">
  
  <iwxxm:observation>
    <om:OM_Observation gml:id="obs-03839-20120824T12Z">
      <om:type xlink:href="http://codes.wmo.int/49-2/observation-type/iwxxm/2.1/MeteorologicalAerodromeObservation"/>
      <om:phenomenonTime>
        <gml:TimeInstant gml:id="ti-201208221630Z">
          <gml:timePosition>2012-08-22T16:30:00Z</gml:timePosition>
        </gml:TimeInstant>
      </om:phenomenonTime>
      <om:resultTime>
        <gml:TimeInstant gml:id="ti-201208221640Z">
          <gml:timePosition>2012-08-22T16:40:00Z</gml:timePosition>
        </gml:TimeInstant>
      </om:resultTime>
      <om:procedure>
        <metce:Process gml:id="p-49-2-metar">
          <gml:description>WMO No. 49 Volume 2 Meteorological Service for International Air Navigation APPENDIX 3 TECHNICAL SPECIFICATIONS RELATED TO METEOROLOGICAL OBSERVATIONS AND REPORTS</gml:description>
        </metce:Process>
      </om:procedure>
      <om:observedProperty xlink:href="http://codes.wmo.int/49-2/observable-property/MeteorologicalAerodromeObservation"/>
      <om:featureOfInterest>
        <sams:SF_SpatialSamplingFeature gml:id="sampling-point-03839">
          <sf:type xlink:href="http://www.opengis.net/def/samplingFeatureType/OGC-OM/2.0/SF_SamplingPoint"/>
          <sf:sampledFeature>
            <aixm:AirportHeliport gml:id="aerodrome-YUDO">
              <aixm:timeSlice>
                <aixm:AirportHeliportTimeSlice gml:id="aerodrome-YUDO-ts">
                  <gml:validTime/>
                  <aixm:interpretation>SNAPSHOT</aixm:interpretation>
                  <aixm:designator>YUDO</aixm:designator>
                  <aixm:name>DONLON/INTERNATIONAL</aixm:name>
                  <aixm:locationIndicatorICAO>YUDO</aixm:locationIndicatorICAO>
                </aixm:AirportHeliportTimeSlice>
              </aixm:timeSlice>
            </aixm:AirportHeliport>
          </sf:sampledFeature>
          <sams:shape/>
        </sams:SF_SpatialSamplingFeature>
      </om:featureOfInterest>
      <om:result nilReason="missing"/>
    </om:OM_Observation>
  </iwxxm:observation>

</iwxxm:METAR>
