<?xml version="1.0" encoding="UTF-8"?>
<!--
    An example of a WS SIGMET which failed translation.  This is an example modified to report 'INVALID TS', which is an invalid SIGMET:

    WSYU31 YUSO 101000
    YUDD SIGMET 2 VALID 101200/101600 YUSO -
    YUDD SHANLON FIR INVALID TS
-->
<collect:MeteorologicalBulletin
    xmlns:collect="http://def.wmo.int/collect/2014"
    xmlns:iwxxm="http://icao.int/iwxxm/2.1"
    xmlns:aixm="http://www.aixm.aero/schema/5.1.1"
    xmlns:metce="http://def.wmo.int/metce/2013"
    xmlns:om="http://www.opengis.net/om/2.0"
    xmlns:sf="http://www.opengis.net/sampling/2.0"
    xmlns:sams="http://www.opengis.net/samplingSpatial/2.0"
    xmlns:gml="http://www.opengis.net/gml/3.2"
    xmlns:xlink="http://www.w3.org/1999/xlink"
    xmlns:xsi="http://www.w3.org/2001/XMLSchema-instance"
    xsi:schemaLocation="http://icao.int/iwxxm/2.1 http://schemas.wmo.int/iwxxm/2.1.1RC1/iwxxm.xsd
                        http://def.wmo.int/metce/2013 http://schemas.wmo.int/metce/1.2/metce.xsd
			http://www.opengis.net/samplingSpatial/2.0 http://schemas.opengis.net/samplingSpatial/2.0/spatialSamplingFeature.xsd
			http://def.wmo.int/collect/2014 http://schemas.wmo.int/collect/1.2/collect.xsd"
    gml:id="uuid.746c7ee2-09b6-4270-83b4-1dc167201c30">

    <collect:meteorologicalInformation>
	
        <iwxxm:SIGMET 
            gml:id="sigmet-YUDD-201208101200Z"
            permissibleUsage="OPERATIONAL"
            translatedBulletinID="WSYU31 YUSO 101000"
            translatedBulletinReceptionTime="2012-08-10T10:05:00Z"
            translationCentreDesignator="YUZZ"
            translationCentreName="Fictional translation centre"
            translationTime="2012-08-10T10:05:00Z"
            translationFailedTAC="YUDD SIGMET 2 VALID 101200/101600 YUSO -
                                  YUDD SHANLON FIR INVALID TS"
            status="NORMAL">
        
            <iwxxm:issuingAirTrafficServicesUnit>
              <aixm:Unit gml:id="fic-YUDD">
                <aixm:timeSlice>
                  <aixm:UnitTimeSlice gml:id="fic-YUDD-ts">
                    <gml:validTime/>
                    <aixm:interpretation>SNAPSHOT</aixm:interpretation>
                    <aixm:name>YUDD FIC</aixm:name>
                    <aixm:type>FIC</aixm:type>
                    <aixm:designator>YUDD</aixm:designator>
                  </aixm:UnitTimeSlice>
                </aixm:timeSlice>
              </aixm:Unit>
            </iwxxm:issuingAirTrafficServicesUnit>
            <iwxxm:originatingMeteorologicalWatchOffice>
              <aixm:Unit gml:id="wmo-YUSO">
                <aixm:timeSlice>
                  <aixm:UnitTimeSlice gml:id="mwo-YUSO-ts">
                    <gml:validTime/>
                    <aixm:interpretation>SNAPSHOT</aixm:interpretation>
                    <aixm:name>YUSO MWO</aixm:name>
                    <aixm:type>MWO</aixm:type>
                    <aixm:designator>YUSO</aixm:designator>
                  </aixm:UnitTimeSlice>
                </aixm:timeSlice>
              </aixm:Unit>
            </iwxxm:originatingMeteorologicalWatchOffice>
            
            <iwxxm:sequenceNumber>2</iwxxm:sequenceNumber>
        
            <iwxxm:validPeriod>
                <gml:TimePeriod gml:id="tp1">
                    <gml:beginPosition>2012-08-10T12:00:00Z</gml:beginPosition>
                    <gml:endPosition>2012-08-10T16:00:00Z</gml:endPosition>
                </gml:TimePeriod>
            </iwxxm:validPeriod>
        
            <iwxxm:phenomenon nilReason="missing"/>
        
            <iwxxm:analysis nilReason="missing"/>
        
        </iwxxm:SIGMET>

    </collect:meteorologicalInformation>

    <collect:bulletinIdentifier>A_LSYU31_C_YUSO_20120810100000.xml</collect:bulletinIdentifier>

</collect:MeteorologicalBulletin>
