<?xml version="1.0" encoding="UTF-8"?>
<!--
    An example of a TAF.  Original TAF from ICAO Annex 3 Amd 77 Example A5-2:
    
      TAF AMD YUDO 161500Z 1600/1618 CNL
-->
<iwxxm:TAF xmlns:iwxxm="http://icao.int/iwxxm/2.1" xmlns:gml="http://www.opengis.net/gml/3.2"
    xmlns:xlink="http://www.w3.org/1999/xlink"
    xmlns:aixm="http://www.aixm.aero/schema/5.1.1"
    xmlns:xsi="http://www.w3.org/2001/XMLSchema-instance"
    xsi:schemaLocation="http://icao.int/iwxxm/2.1 http://schemas.wmo.int/iwxxm/2.1.1RC1/iwxxm.xsd"

    gml:id="taf-YUDO-20120816150000Z"
    permissibleUsage="OPERATIONAL"
    status="CANCELLATION">

    <iwxxm:issueTime>
        <gml:TimeInstant gml:id="ti-20120816150000Z">
            <gml:timePosition>2012-08-16T15:00:00Z</gml:timePosition>
        </gml:TimeInstant>
    </iwxxm:issueTime>

    <!-- The time at which this TAF is intended to be used -->
    <iwxxm:validTime>
        <gml:TimePeriod gml:id="tp-201208161500-201208170000">
            <gml:beginPosition>2012-08-16T15:00:00Z</gml:beginPosition>
            <gml:endPosition>2012-08-17T00:00:00Z</gml:endPosition>
        </gml:TimePeriod>
    </iwxxm:validTime>

    <!-- The Aerodrome of a previous report that is cancelled, amended or corrected -->
    <iwxxm:previousReportAerodrome>
        <aixm:AirportHeliport gml:id="aerodrome-YUDO">
            <aixm:timeSlice>
                <aixm:AirportHeliportTimeSlice gml:id="aerodrome-YUDO-ts">
                    <gml:validTime/>
                    <aixm:interpretation>SNAPSHOT</aixm:interpretation>
                    <aixm:designator>YUDO</aixm:designator>
                    <aixm:name>DONLON/INTERNATIONAL</aixm:name>
                    <aixm:locationIndicatorICAO>YUDO</aixm:locationIndicatorICAO>
                </aixm:AirportHeliportTimeSlice>
            </aixm:timeSlice>
        </aixm:AirportHeliport>
    </iwxxm:previousReportAerodrome>

    <!-- The valid time period of a previous report that is cancelled, amended or corrected by this report -->
    <iwxxm:previousReportValidPeriod>
        <gml:TimePeriod gml:id="tp-201208160600-201208170000">
            <gml:beginPosition>2012-08-16T00:00:00Z</gml:beginPosition>
            <gml:endPosition>2012-08-16T18:00:00Z</gml:endPosition>
        </gml:TimePeriod>
    </iwxxm:previousReportValidPeriod>

</iwxxm:TAF>
