<?xml version="1.0" encoding="UTF-8"?>
<!--
    An example of a NIL TAF (which can be used independently) packaged into a bulletin:

      FTYU31 YUDO 160000
      TAF YUDO 160000Z NIL
-->
<collect:MeteorologicalBulletin
    xmlns:collect="http://def.wmo.int/collect/2014"	
    xmlns:iwxxm="http://icao.int/iwxxm/2.1" 
    xmlns:gml="http://www.opengis.net/gml/3.2"
    xmlns:om="http://www.opengis.net/om/2.0" 
    xmlns:sams="http://www.opengis.net/samplingSpatial/2.0"
    xmlns:metce="http://def.wmo.int/metce/2013" 
    xmlns:sf="http://www.opengis.net/sampling/2.0"
    xmlns:xlink="http://www.w3.org/1999/xlink" 
    xmlns:xsi="http://www.w3.org/2001/XMLSchema-instance"
    xmlns:aixm="http://www.aixm.aero/schema/5.1.1"
    xsi:schemaLocation="http://icao.int/iwxxm/2.1 http://schemas.wmo.int/iwxxm/2.1.1RC1/iwxxm.xsd
                        http://def.wmo.int/metce/2013 http://schemas.wmo.int/metce/1.2/metce.xsd
			http://www.opengis.net/samplingSpatial/2.0 http://schemas.opengis.net/samplingSpatial/2.0/spatialSamplingFeature.xsd
			http://def.wmo.int/collect/2014 http://schemas.wmo.int/collect/1.2/collect.xsd"
    gml:id="uuid.efb207d7-e82a-4dbd-8a5c-9cbe4fad41b7">

   <collect:meteorologicalInformation>

        <iwxxm:TAF 
            gml:id="taf-YUDO-201208160000Z"
            permissibleUsage="OPERATIONAL"
            status="MISSING">
        
            <iwxxm:issueTime>
                <gml:TimeInstant gml:id="ti-201208221600Z">
                    <gml:timePosition>2012-08-16T00:00:00Z</gml:timePosition>
                </gml:TimeInstant>
            </iwxxm:issueTime>
        
            <iwxxm:baseForecast>
                <om:OM_Observation gml:id="bf">
                    <om:type xlink:href="http://codes.wmo.int/49-2/observation-type/iwxxm/2.1/MeteorologicalAerodromeForecast"/>
                    <!-- time at which the missing report was found to be missing -->
                    <om:phenomenonTime xlink:href="#ti-201208221600Z"/>
                    <!-- time at which the results are made available -->
                    <om:resultTime xlink:href="#ti-201208221600Z"/>
                    <om:procedure>
                        <metce:Process gml:id="p-49-2-taf">
                            <gml:description>WMO No. 49 Volume 2 Meteorological Service for International Air Navigation APPENDIX 5 TECHNICAL SPECIFICATIONS RELATED TO FORECASTS</gml:description>
                        </metce:Process>
                    </om:procedure>
                    <om:observedProperty xlink:href="http://codes.wmo.int/49-2/observable-property/MeteorologicalAerodromeForecast"/>
                    <om:featureOfInterest>
                        <!-- featureOfInterest type and shape must refer to a point -->
                        <sams:SF_SpatialSamplingFeature gml:id="sampling-point-03839">
                            <sf:type xlink:href="http://www.opengis.net/def/samplingFeatureType/OGC-OM/2.0/SF_SamplingPoint"/>
                            <sf:sampledFeature>
                                <!-- The aerodrome at which this observation took place -->
                                <aixm:AirportHeliport gml:id="aerodrome-YUDO">
                                    <aixm:timeSlice>
                                        <aixm:AirportHeliportTimeSlice gml:id="aerodrome-YUDO-ts">
                                            <gml:validTime/>
                                            <aixm:interpretation>SNAPSHOT</aixm:interpretation>
                                            <aixm:designator>YUDO</aixm:designator>
                                            <aixm:name>DONLON/INTERNATIONAL</aixm:name>
                                            <aixm:locationIndicatorICAO>YUDO</aixm:locationIndicatorICAO>
                                        </aixm:AirportHeliportTimeSlice>
                                    </aixm:timeSlice>
                                </aixm:AirportHeliport>
                            </sf:sampledFeature>
                            <sams:shape>
                                <!-- This is where the observation took place, assumed to be representative of the entire aerodrome -->
                                <gml:Point gml:id="point-5225-3201" srsDimension="2" srsName="http://www.opengis.net/def/crs/EPSG/0/4326">
                                    <gml:pos>12.34 -12.34</gml:pos>
                                </gml:Point>
                            </sams:shape>
                        </sams:SF_SpatialSamplingFeature>
                    </om:featureOfInterest>
                    <!-- The result of the observation -->
                    <om:result nilReason="missing"/>
                </om:OM_Observation>
            </iwxxm:baseForecast>
        </iwxxm:TAF>

    </collect:meteorologicalInformation>

    <collect:bulletinIdentifier>A_LCYU31_C_YUDO_20120816000000.xml</collect:bulletinIdentifier>

</collect:MeteorologicalBulletin>
