<?xml version="1.0" encoding="UTF-8"?>
<!--
    An example of a TAF that failed translation:
    
      TAF YUDO 151800Z 1600/1618 INVALID
-->
<iwxxm:TAF xmlns:iwxxm="http://icao.int/iwxxm/2.1" xmlns:gml="http://www.opengis.net/gml/3.2"
    xmlns:om="http://www.opengis.net/om/2.0" xmlns:sams="http://www.opengis.net/samplingSpatial/2.0"
    xmlns:metce="http://def.wmo.int/metce/2013" xmlns:sf="http://www.opengis.net/sampling/2.0"
    xmlns:xlink="http://www.w3.org/1999/xlink" xmlns:xsi="http://www.w3.org/2001/XMLSchema-instance"
    xmlns:aixm="http://www.aixm.aero/schema/5.1.1"
    xsi:schemaLocation="http://icao.int/iwxxm/2.1 http://schemas.wmo.int/iwxxm/2.1.1RC1/iwxxm.xsd
    http://def.wmo.int/metce/2013 http://schemas.wmo.int/metce/1.2/metce.xsd
    http://www.opengis.net/samplingSpatial/2.0 http://schemas.opengis.net/samplingSpatial/2.0/spatialSamplingFeature.xsd"

    gml:id="taf-YUDO-201208160000Z"
    permissibleUsage="OPERATIONAL"
    translatedBulletinID="TTAAiiCCCYYGGgg"
    translatedBulletinReceptionTime="2014-05-15T15:29:00Z"
    translationCentreDesignator="YUZZ"
    translationCentreName="Fictional translation centre"
    translationTime="2014-05-15T15:30:00Z"
    translationFailedTAC="TAF YUDO 151800Z 1600/1618 INVALID"
    status="NORMAL">

    <iwxxm:issueTime>
        <!-- Original TAF: 151800Z -->
        <gml:TimeInstant gml:id="ti-201208151800Z">
            <gml:timePosition>2012-08-15T18:00:00Z</gml:timePosition>
        </gml:TimeInstant>
    </iwxxm:issueTime>
    <!-- The time at which this TAF is intended to be used -->
    <iwxxm:validTime>
        <!-- Original TAF: 1600/1618 -->
        <gml:TimePeriod gml:id="tp-201208160000-201208161800">
            <gml:beginPosition>2012-08-16T00:00:00Z</gml:beginPosition>
            <gml:endPosition>2012-08-16T18:00:00Z</gml:endPosition>
        </gml:TimePeriod>
    </iwxxm:validTime>
    <iwxxm:baseForecast nilReason="missing"/>

</iwxxm:TAF>
