<?xml version="1.0" encoding="UTF-8"?>
<!-- A tropical cyclone advisory which failed translation:
  
TC ADVISORY

DTG:                        20040925/1600Z
TCAC:                       YUFO
TC:                         GLORIA
INVALID INVALID INVALID
-->
<iwxxm:TropicalCycloneAdvisory xmlns:xlink="http://www.w3.org/1999/xlink" xmlns:gml="http://www.opengis.net/gml/3.2"
  xmlns:iwxxm="http://icao.int/iwxxm/2.1" xmlns:metce="http://def.wmo.int/metce/2013"
  xmlns:aixm="http://www.aixm.aero/schema/5.1.1"
  xmlns:om="http://www.opengis.net/om/2.0" xmlns:sams="http://www.opengis.net/samplingSpatial/2.0" xmlns:sam="http://www.opengis.net/sampling/2.0"
  xmlns:xsi="http://www.w3.org/2001/XMLSchema-instance"
  xsi:schemaLocation="http://www.aixm.aero/schema/5.1.1 http://www.aixm.aero/schema/5.1.1_profiles/AIXM_WX/5.1.1a/AIXM_Features.xsd
  http://icao.int/iwxxm/2.1 http://schemas.wmo.int/iwxxm/2.1.1RC1/iwxxm.xsd http://www.opengis.net/samplingSpatial/2.0 http://schemas.opengis.net/samplingSpatial/2.0/spatialSamplingFeature.xsd"
  gml:id="ID000" permissibleUsage="OPERATIONAL"
  translatedBulletinID="TTAAiiCCCYYGGgg"
  translatedBulletinReceptionTime="2014-05-15T15:29:00Z"
  translationCentreDesignator="YUZZ"
  translationCentreName="Fictional translation centre"
  translationTime="2014-05-15T15:30:00Z"
  translationFailedTAC="TC ADVISORY
  
  DTG:                        20040925/1600Z
  TCAC:                       YUFO
  TC:                         GLORIA
  INVALID INVALID INVALID">

  <iwxxm:issueTime>
      <gml:TimeInstant gml:id="ti-200409251600">
          <gml:timePosition>2004-09-25T16:00:00Z</gml:timePosition>
      </gml:TimeInstant>
  </iwxxm:issueTime>

  <iwxxm:issuingTropicalCycloneAdvisoryCentre>
    <aixm:Unit gml:id="tcac-YUFO">
      <aixm:timeSlice>
        <aixm:UnitTimeSlice gml:id="uTTCACUnit">
          <gml:validTime>
            <gml:TimePeriod gml:id="vtTCACUnit">
              <gml:beginPosition>2004-01-01T00:00:00Z</gml:beginPosition>
              <gml:endPosition indeterminatePosition="unknown"/>
            </gml:TimePeriod>
          </gml:validTime>
          <aixm:interpretation>SNAPSHOT</aixm:interpretation>
          <aixm:featureLifetime>
            <gml:TimePeriod gml:id="ltTCACUnit">
              <gml:beginPosition>2004-01-01T00:00:00Z</gml:beginPosition>
              <gml:endPosition indeterminatePosition="unknown"/>
            </gml:TimePeriod>
          </aixm:featureLifetime>
          <aixm:type>OTHER:TCAC</aixm:type>
          <aixm:designator>YUFO</aixm:designator>
        </aixm:UnitTimeSlice>
      </aixm:timeSlice>
    </aixm:Unit>
  </iwxxm:issuingTropicalCycloneAdvisoryCentre>

  <iwxxm:tropicalCycloneName>GLORIA</iwxxm:tropicalCycloneName>
  <iwxxm:advisoryNumber>0</iwxxm:advisoryNumber>

  <iwxxm:observation nilReason="missing"/>
  <iwxxm:forecast nilReason="missing"/>
  <iwxxm:forecast nilReason="missing"/>
  <iwxxm:forecast nilReason="missing"/>
  <iwxxm:forecast nilReason="missing"/>
  <iwxxm:expectedNextAdvisoryTime></iwxxm:expectedNextAdvisoryTime>

</iwxxm:TropicalCycloneAdvisory>
