<?xml version="1.0" encoding="UTF-8"?>
<!-- A volcanic ash advisory that failed translation

FVFE01 RJTD 230130
VA ADVISORY

DTG:                        20080923/0130Z
VAAC:                       TOKYO
VOLCANO:                    KARYMSKY 1000-13
PSN:                        N5403 E15927
INVALID INVALID INVALID

-->
<iwxxm:VolcanicAshAdvisory xmlns:xlink="http://www.w3.org/1999/xlink" xmlns:gml="http://www.opengis.net/gml/3.2"
  xmlns:iwxxm="http://icao.int/iwxxm/2.1" xmlns:metce="http://def.wmo.int/metce/2013"
  xmlns:aixm="http://www.aixm.aero/schema/5.1.1"
  xmlns:om="http://www.opengis.net/om/2.0" xmlns:sams="http://www.opengis.net/samplingSpatial/2.0" xmlns:sam="http://www.opengis.net/sampling/2.0"
  xmlns:xsi="http://www.w3.org/2001/XMLSchema-instance"
  xsi:schemaLocation="http://www.aixm.aero/schema/5.1.1 http://www.aixm.aero/schema/5.1.1_profiles/AIXM_WX/5.1.1a/AIXM_Features.xsd
  http://icao.int/iwxxm/2.1 http://schemas.wmo.int/iwxxm/2.1.1RC1/iwxxm.xsd http://www.opengis.net/samplingSpatial/2.0 http://schemas.opengis.net/samplingSpatial/2.0/spatialSamplingFeature.xsd"
  gml:id="ID000" permissibleUsage="OPERATIONAL"
  translatedBulletinID="TTAAiiCCCYYGGgg"
  translatedBulletinReceptionTime="2014-05-15T15:29:00Z"
  translationCentreDesignator="YUZZ"
  translationCentreName="Fictional translation centre"
  translationTime="2014-05-15T15:30:00Z"
  translationFailedTAC="FVFE01 RJTD 230130
  VA ADVISORY
  
  DTG:                        20080923/0130Z
  VAAC:                       TOKYO
  VOLCANO:                    KARYMSKY 1000-13
  PSN:                        N5403 E15927
  INVALID INVALID INVALID">

  <iwxxm:issueTime>
      <gml:TimeInstant gml:id="ti-200809230130">
          <gml:timePosition>2008-09-23T01:30:00Z</gml:timePosition>
      </gml:TimeInstant>
  </iwxxm:issueTime>

  <iwxxm:issuingVolcanicAshAdvisoryCentre>
    <aixm:Unit gml:id="vaac-TOKYO">
      <aixm:timeSlice>
        <aixm:UnitTimeSlice gml:id="uTTokyoVolcanicAshCentreUnit">
          <gml:validTime>
            <gml:TimePeriod gml:id="vtTokyoVolcanicAshCentreUnit">
              <gml:beginPosition>2008-01-01T00:00:00Z</gml:beginPosition>
              <gml:endPosition indeterminatePosition="unknown"/>
            </gml:TimePeriod>
          </gml:validTime>
          <aixm:interpretation>SNAPSHOT</aixm:interpretation>
          <aixm:featureLifetime>
            <gml:TimePeriod gml:id="ltTokyoVolcanicAshCentreUnit">
              <gml:beginPosition>2008-01-01T00:00:00Z</gml:beginPosition>
              <gml:endPosition indeterminatePosition="unknown"/>
            </gml:TimePeriod>
          </aixm:featureLifetime>
          <aixm:name>TOKYO</aixm:name>
          <aixm:type>OTHER:VACC</aixm:type>
        </aixm:UnitTimeSlice>
      </aixm:timeSlice>
    </aixm:Unit>
  </iwxxm:issuingVolcanicAshAdvisoryCentre>

  <iwxxm:volcano>
    <metce:EruptingVolcano gml:id="karymsky">
      <gml:description>FL300 REPORTED</gml:description>
      <metce:name>KARYMSKY 1000-13</metce:name>
      <metce:position>
        <gml:Point gml:id="karymskyPt" srsName="http://www.opengis.net/def/crs/EPSG/0/4979">
            <gml:pos>54.03 159.27 1536</gml:pos>
        </gml:Point>
      </metce:position>
      <metce:eruptionDate>2008-09-23T01:30:00Z</metce:eruptionDate>
    </metce:EruptingVolcano>
  </iwxxm:volcano>

  <iwxxm:advisoryNumber></iwxxm:advisoryNumber>
  <iwxxm:informationSource></iwxxm:informationSource>
  <iwxxm:colourCode nilReason="missing"/>
  <iwxxm:analysis nilReason="missing"/>

</iwxxm:VolcanicAshAdvisory>
