<?xml version="1.0"?>
<UMLProfile>

	<!-- modified by B.L. Choy created by Clemens Portele - last edit: 2016-04-28 -->

	<Documentation id="METCE" name="UML Profile for METCE data specifications" version="1.0" notes="This profile defines a set of stereotypes and tagged values for defining application schemas for METCE data specifications."/>

	<Content>
		
		<Stereotypes>

			<Stereotype name="applicationSchema" notes="A METCE application schema according to ISO 19109 and the Generic Conceptual Model.">
				<AppliesTo>
					<Apply type="package"/>
				</AppliesTo>
				<TaggedValues>
					<Tag name="targetNamespace" description="Target XML namespace of the application schema"/>
					<Tag name="xmlns" description="Namespace prefix to be used as short form of the target namespace"/>
					<Tag name="version" description="Current version of the application schema"/>
					<Tag name="xsdDocument" description="Name of an XML Schema document to create representing the content of this package"/>
					<Tag name="gmlProfileSchema" description="URL of the schema location of a GML profile (optional)"/>
					<!-- EA only implement iso19136_2007_METCE_Extensions at leaf level
					<Tag name="xsdEncodingRule" description="XML Schema encoding rule to apply" values="iso19136_2007 | iso19139_2007 | iso19136_2007_METCE_Extensions" default="iso19136_2007_METCE_Extensions" />
					-->
				</TaggedValues>
			</Stereotype>

			<!-- this stereotype may be added for packages without stereotype during the conversion to an implementation model, if needed -->
			<!--
			<Stereotype name="" notes="A package that is not an application schema.">
				<AppliesTo>
					<Apply type="package"/>
				</AppliesTo>
				<TaggedValues>
					<Tag name="xsdDocument" description="Name of an XML Schema document to create representing the content of this package"/>
					<Tag name="xsdEncodingRule" description="XML Schema encoding rule to apply" values="iso19136_2007 | iso19139_2007 | iso19136_2007_METCE_Extensions" default="iso19136_2007_METCE_Extensions" />
				</TaggedValues>
			</Stereotype>
			-->

			<Stereotype name="leaf" notes="A package that is not an application schema and contains no packages.">
				<AppliesTo>
					<Apply type="package"/>
				</AppliesTo>
				<TaggedValues>
					<Tag name="xsdDocument" description="Name of an XML Schema document to create representing the content of this package"/>
					<Tag name="xsdEncodingRule" description="XML Schema encoding rule to apply" values="iso19136_2007 | iso19139_2007 | iso19136_2007_METCE_Extensions" default="iso19136_2007_METCE_Extensions" />
				</TaggedValues>
			</Stereotype>

			<Stereotype name="featureType" notes="A spatial object type.">
				<AppliesTo>
					<Apply type="class"/>
				</AppliesTo>
				<TaggedValues>
					<!-- EA only implement iso19136_2007_METCE_Extensions at leaf level
					<Tag name="xsdEncodingRule" description="XML Schema encoding rule to apply" values="iso19136_2007 | iso19139_2007 | iso19136_2007_METCE_Extensions" default="iso19136_2007_METCE_Extensions" />
					-->
					<Tag name="noPropertyType" description="Surpress creation of a standard property type that supports inline or by-reference encoding (applies to ISO 19136:2007 encoding rule)." values="true | false" default="false" />
					<Tag name="byValuePropertyType" description="Create a property type that requires that the instance is encoded inline (applies to ISO 19136:2007 encoding rule)." values="true | false" default="false" />
					<Tag name="isCollection" description="Identifies the feature type as a feature collection." values="true | false" default="false" />
				</TaggedValues>
			</Stereotype>

			<Stereotype name="type" notes="A type that is not directly instantiable, but is used as an abstract collection of operation, attribute and relation signatures.">
				<AppliesTo>
					<Apply type="class"/>
				</AppliesTo>
				<TaggedValues>
					<!-- EA only implement iso19136_2007_METCE_Extensions at leaf level
					<Tag name="xsdEncodingRule" description="XML Schema encoding rule to apply" values="iso19136_2007 | iso19139_2007 | iso19136_2007_METCE_Extensions" default="iso19136_2007_METCE_Extensions" />
					-->
					<Tag name="noPropertyType" description="Surpress creation of a standard property type that supports inline or by-reference encoding (applies to ISO 19136:2007 encoding rule)." values="true | false" default="false" />
					<Tag name="byValuePropertyType" description="Create a property type that requires that the instance is encoded inline (applies to ISO 19136:2007 encoding rule)." values="true | false" default="false" />
					<Tag name="isCollection" description="Identifies the type as an object collection." values="true | false" default="false" />
				</TaggedValues>
			</Stereotype>

			<!-- this stereotype may be added for classes with no stereotype during the conversion to an implementation model -->
			<Stereotype name="" notes="A type with identity that is not a spatial object type.">
				<AppliesTo>
					<Apply type="class"/>
				</AppliesTo>
				<TaggedValues>
					<Tag name="xsdEncodingRule" description="XML Schema encoding rule to apply" values="iso19136_2007 | iso19139_2007 | iso19136_2007_METCE_Extensions" default="iso19136_2007_METCE_Extensions" />
					<Tag name="noPropertyType" description="Surpress creation of a standard property type that supports inline or by-reference encoding (applies to ISO 19136:2007 encoding rule)." values="true | false" default="false" />
					<Tag name="byValuePropertyType" description="Create a property type that requires that the instance is encoded inline (applies to ISO 19136:2007 encoding rule)." values="true | false" default="false" />
					<Tag name="isCollection" description="Identifies the type as an object collection." values="true | false" default="false" />
				</TaggedValues>
			</Stereotype>

			<Stereotype name="dataType" notes="A structured data type without identity.">
				<AppliesTo>
					<Apply type="class"/>
				</AppliesTo>
				<TaggedValues>
					<!-- EA only implement iso19136_2007_METCE_Extensions at leaf level
					<Tag name="xsdEncodingRule" description="XML Schema encoding rule to apply" values="iso19136_2007 | iso19139_2007 | iso19136_2007_METCE_Extensions" default="iso19136_2007_METCE_Extensions" />
					-->
					<Tag name="noPropertyType" description="Surpress creation of a standard property type that supports inline encoding (applies to ISO 19136:2007 encoding rule)." values="true | false" default="false" />
					<Tag name="isCollection" description="Identifies the data type as an object collection." values="true | false" default="false" />
				</TaggedValues>
			</Stereotype>

			<Stereotype name="union" notes="A structured data type without identity where exactly one of the properties of the type is present in any instance.">
				<AppliesTo>
					<Apply type="class"/>
				</AppliesTo>
				<TaggedValues>
					<!-- EA only implement iso19136_2007_METCE_Extensions at leaf level
					<Tag name="xsdEncodingRule" description="XML Schema encoding rule to apply" values="iso19136_2007 | iso19139_2007 | iso19136_2007_METCE_Extensions" default="iso19136_2007_METCE_Extensions" />
					-->
					<Tag name="noPropertyType" description="Surpress creation of a standard property type that supports inline encoding (applies to ISO 19136:2007 encoding rule)." values="true | false" default="false" />
				</TaggedValues>
			</Stereotype>

			<Stereotype name="enumeration" notes="An enumeration.">
				<AppliesTo>
					<Apply type="class"/>
				</AppliesTo>
				<TaggedValues>
					<!-- EA only implement iso19136_2007_METCE_Extensions at leaf level
					<Tag name="xsdEncodingRule" description="XML Schema encoding rule to apply" values="iso19136_2007 | iso19139_2007 | iso19136_2007_METCE_Extensions" default="iso19136_2007_METCRE_Extensions" />
					-->
				</TaggedValues>
			</Stereotype>

			<Stereotype name="codeList" notes="A code list.">
				<AppliesTo>
					<Apply type="class"/>
				</AppliesTo>
				<TaggedValues>
					<!-- EA only implement iso19136_2007_METCE_Extensions at leaf level
					<Tag name="xsdEncodingRule" description="XML Schema encoding rule to apply" values="iso19136_2007 | iso19139_2007 | iso19136_2007_METCE_Extensions" default="iso19136_2007_METCE_Extensions" />
					-->
					<Tag name="asDictionary" description="Encode code list as externally managed dictionary (applies to ISO 19136:2007 encoding rule)." values="true | false" default="true" />
					<Tag name="vocabulary" description="URI of the vocabulary/code list in the WMO Codes Registry or in some external registry. The value has to be provided, if an online version of the vocabulary is used."/>
					<Tag name="extensibility" description="This refers to extensions by a third party, not to extensions by the owner of the vocabulary; the owner will always be able to revise the vocabulary. I.e., if the value is 'none', the referenced vocabulary may not be extended by third parties; if the value is 'narrower', the vocabulary may be extended by narrower terms that have an existing term as a parent; if the value is 'any', the vocabulary may be extended by additional terms on any level. This value must be 'all', empty or missing, if the value 'vocabulary' is empty or missing; in this case any vocabulary may be used." values="none | narrower | open | any" default="none"/>
				</TaggedValues>
			</Stereotype>

			<Stereotype name="" notes="A regular property.">
				<AppliesTo>
					<Apply type="attribute"/>
					<Apply type="associationRole"/>
				</AppliesTo>
				<TaggedValues>
					<Tag name="sequenceNumber" description="Unique integer value for properties of the type used to sort properties (applies to ISO 19136:2007 encoding rule)"/>
					<Tag name="xsdAsAttribute" description="Serialises UML attribute as XSD attribute (applies to ISO 19136:2007 encoding rule)" values="true | false" default="true"/>
				</TaggedValues>
			</Stereotype>
           
		</Stereotypes>
	</Content>	
</UMLProfile>
